3/7/2025,maven,java,hippy
3/8/2025,minus,year,eclair
3/9/2025,tape,tappet,bustle
3/10/2025,bawbee,egret,wile
3/11/2025,coot,column,tinker
3/12/2025,strut,reach,basil
3/13/2025,choker,pebble,bobby
3/14/2025,stigma,thrust,stein
3/15/2025,peanut,canary,caiman
3/16/2025,oodles,true,mimer
3/17/2025,shamrock,snake,stout
3/18/2025,cords,valve,collar
3/19/2025,willow,zapper,convoy
3/20/2025,hell,boxcar,gather
3/21/2025,quill,bumph,rumour
3/22/2025,wisent,fruit,julep
3/23/2025,uncial,holdup,quern
3/24/2025,boll,captor,circus
3/25/2025,mutter,cause,tiger
3/26/2025,doggy,arrest,modem
3/27/2025,algae,rajah,meany
3/28/2025,regime,halloo,snarer
3/29/2025,ganja,ditto,padre
3/30/2025,scrag,song,trawl
3/31/2025,churl,lamp,fulmar
4/1/2025,FOOL,pool,tool
4/2/2025,loge,ether,lancer
4/3/2025,hardy,brawn,bias
4/4/2025,world,tupelo,stayer
4/5/2025,crew,waver,skivvy
4/6/2025,gasman,tonic,lunge
4/7/2025,shrub,wrath,dona
4/8/2025,lichen,asthma,soil
4/9/2025,caddie,spewer,brace
4/10/2025,usher,usury,lots
4/11/2025,womb,grit,gnawer
4/12/2025,lowboy,capo,decay
4/13/2025,burp,caber,nylons
4/14/2025,table,ticker,stick
4/15/2025,cooker,babble,alpha
4/16/2025,italic,family,mango
4/17/2025,loam,cavil,jest
4/18/2025,duster,lupin,amount
4/19/2025,lick,wombat,ester
4/20/2025,myosin,coping,miotic
4/21/2025,swain,gullet,sigma
4/22/2025,couch,quoits,mile
4/23/2025,emblem,soot,diaper
4/24/2025,dancer,cello,rope
4/25/2025,bigot,gypsy,tinkle
4/26/2025,tarp,kern,pith
4/27/2025,cords,sock,troy
4/28/2025,taupe,macer,maser
4/29/2025,virion,lying,tern
4/30/2025,hajj,tall,grove
5/1/2025,thatch,prion,opus
5/2/2025,board,deist,clergy
5/3/2025,slag,domain,vigil
5/4/2025,idol,sahib,mutism
5/5/2025,realty,ramp,casaba
5/6/2025,feat,sabra,gospel
5/7/2025,wood,taco,villa
5/8/2025,rose,ecru,snot
5/9/2025,genre,midi,candor
5/10/2025,reaper,lavage,comfit
5/11/2025,amber,cleat,pasta
5/12/2025,nose,carver,loch
5/13/2025,naming,damsel,fogey
5/14/2025,sarin,midday,bill
5/15/2025,crow,nasal,arguer
5/16/2025,hertz,yearly,shoal
5/17/2025,argosy,mike,graze
5/18/2025,award,glass,dipper
5/19/2025,ureter,squish,ditto
5/20/2025,folks,style,moon
5/21/2025,hooky,henna,luger
5/22/2025,raise,iceman,scat
5/23/2025,liege,crook,smilax
5/24/2025,skycap,milord,copse
5/25/2025,epoxy,homer,cinema
5/26/2025,jingle,minute,herald
5/27/2025,pitta,folks,totem
5/28/2025,ringer,uptake,crick
5/29/2025,gospel,lats,lupin
5/30/2025,merlin,sadhu,brunch
5/31/2025,upcast,mosaic,ghetto
6/1/2025,spin,sinew,teasel
6/2/2025,outcry,sextet,bonito
6/3/2025,client,spout,pygmy
6/4/2025,hurdle,limo,hanger
6/5/2025,gallon,allele,carver
6/6/2025,tire,ration,golf
6/7/2025,eggs,pistil,whorl
6/8/2025,yellow,basic,quaver
6/9/2025,parlay,sheikh,reef
6/10/2025,modem,siege,kaon
6/11/2025,filing,belly,psyche
6/12/2025,core,troika,valine
6/13/2025,earner,ship,fumes
6/14/2025,dubbin,minute,guinea
6/15/2025,dimmer,rank,ripple
6/16/2025,voyeur,glue,carter
6/17/2025,kill,worker,hubris
6/18/2025,pine,deary,pongee
6/19/2025,bypass,leaper,curl
6/20/2025,tamper,wales,duchy
6/21/2025,tweak,accord,rime
6/22/2025,broth,author,moment
6/23/2025,naiad,inflow,skunk
6/24/2025,septet,kylie,frat
6/25/2025,verve,herder,assize
6/26/2025,galley,acute,temple
6/27/2025,grout,evil,basil
6/28/2025,design,hell,stoker
6/29/2025,diaper,valine,seraph
6/30/2025,warder,chorus,leaf
7/1/2025,quaver,juicer,levity
7/2/2025,tomato,queue,aliyah
7/3/2025,clean,quiz,betel
7/4/2025,shape,conger,shore
7/5/2025,viva,prater,arts
7/6/2025,math,brae,bebop
7/7/2025,syphon,calla,rent
7/8/2025,waders,byway,back
7/9/2025,rudder,putt,zigzag
7/10/2025,ruckus,zinc,simony
7/11/2025,mimosa,mater,lipoma
7/12/2025,ulster,lacer,lunacy
7/13/2025,slate,toggle,byplay
7/14/2025,moue,clinch,cretin
7/15/2025,cowboy,plug,worse
7/16/2025,bosom,buzz,uphill
7/17/2025,plain,dinar,cistus
7/18/2025,wight,samosa,judges
7/19/2025,applet,morsel,sauce
7/20/2025,dray,cyder,ripper
7/21/2025,winner,firm,tilter
7/22/2025,ulster,brew,aerial
7/23/2025,snarl,slub,squaw
7/24/2025,sander,poesy,nicker
7/25/2025,meow,annexe,flag
7/26/2025,triode,sander,greens
7/27/2025,shield,rajah,friend
7/28/2025,daleth,mire,cupid
7/29/2025,alert,kink,toque
7/30/2025,pulse,ward,garget
7/31/2025,chive,blenny,thatch
8/1/2025,loam,surety,roux
8/2/2025,sleuth,snug,hill
8/3/2025,goth,self,acacia
8/4/2025,aorta,liquid,smock
8/5/2025,purity,icicle,waiver
8/6/2025,crib,eggs,shriek
8/7/2025,aunt,acre,disc
8/8/2025,niff,tetrad,gout
8/9/2025,poison,gruel,sixth
8/10/2025,moll,hewer,shag
8/11/2025,blenny,shower,vigour
8/12/2025,unison,cyme,hypo
8/13/2025,filler,guinea,heron
8/14/2025,fluid,flush,avatar
8/15/2025,kappa,etude,widow
8/16/2025,divvy,dough,grade
8/17/2025,sloop,flimsy,rink
8/18/2025,worry,slash,flex
8/19/2025,girl,lectin,pinto
8/20/2025,trivet,gauss,crash
8/21/2025,odds,rumba,dona
8/22/2025,camel,spadix,defect
8/23/2025,dicer,liana,rapper
8/24/2025,mezzo,satire,parcel
8/25/2025,belief,meeter,polity
8/26/2025,raunch,cretin,turps
8/27/2025,spume,covey,niece
