3/7/2025,terroir,shamrocks,cockatoos
3/8/2025,messmate,woodmen,ultrasonic
3/9/2025,unserviceability,outaromanticismation,cavers
3/10/2025,subterraneous,sublet,rocksteadication
3/11/2025,outferroelectricitisable,videophone,elementally
3/12/2025,overexophthalmusisability,records,peridium
3/13/2025,red-hot,worldliest,mispipework
3/14/2025,drink-driving,hyperplanes,overgameplayisers
3/15/2025,mislabradoritisability,hesitancies,corporativists
3/16/2025,spheroidal,overneurochemistrisability,exercycle
3/17/2025,shamrock,snake,stout
3/18/2025,conciliates,ladies,deceitful
3/19/2025,overgynaecomastially,flinches,misfluconazoleably
3/20/2025,anisettes,containerizes,outpreformationismisability
3/21/2025,mispankotiveness,puckishly,peskinesses
3/22/2025,vittles,ethoxylate,belittled
3/23/2025,frontiers,heated,percussiveness
3/24/2025,prestidigitate,reprovisioning,tomentulose
3/25/2025,coonhounds,gawps,celebrate
3/26/2025,immoralities,towheaded,coronae
3/27/2025,misdiachroneitisable,weblogger,bungler
3/28/2025,outchemophobiaible,chronograph,outagflationible
3/29/2025,scuttlebutt,steeped,miscyberplagiarism
3/30/2025,lounger,outacepromazinally,mortgages
3/31/2025,ostracises,sprouted,overeustacication
4/1/2025,FOOL,pool,tool
4/2/2025,newswires,cyberjunkie,dealignments
4/3/2025,miscryptovirologication,aerophone,overglitteratiisability
4/4/2025,adventists,outgenisteinisable,polymorphonuclear
4/5/2025,brokerages,outspectrophotometrisable,armchairs
4/6/2025,expressway,caponize,kilocalorie
4/7/2025,asynchronism,pregabalinally,gargets
4/8/2025,dossers,outecoterrorismation,gemmy
4/9/2025,conceptualism,kidding,oaks
4/10/2025,odiums,steamiest,misrombowlinativeness
4/11/2025,woodenness,bristlebirds,outgynaecomastiaably
4/12/2025,marbles,telecaster,luge
4/13/2025,outomnisexuality,lightly,electrometricativeness
4/14/2025,overlicorictiveness,hydrophones,explains
4/15/2025,lithest,chauffeured,inerrancy
4/16/2025,sauvignon,shrift,choughs
4/17/2025,plowman,outpreliteraciably,virile
4/18/2025,misreserpinery,acknowledgment,outmonogenismativeness
4/19/2025,manipulativeness,autopisty,hoofed
4/20/2025,polls,spottles,misacetazolamidery
4/21/2025,mismeasurement,celebs,e-cards
4/22/2025,suprabasal,solemness,modernization
4/23/2025,sprocket,fairly,tip-off
4/24/2025,trustworthy,utensils,feces
4/25/2025,volunteered,moomba,nosily
4/26/2025,bewitch,carder,stopover
4/27/2025,slimes,trivialising,earthfall
4/28/2025,pyramis,comprehensible,ardours
4/29/2025,overbacknativeness,binging,gabardine
4/30/2025,arsenious,mis-selling,locales
5/1/2025,ignores,swotting,mannish
5/2/2025,misspectinomycinisability,overzoocentrismably,factors
5/3/2025,postmodernismible,unsettlements,cumbering
5/4/2025,mainsheets,undivided,gilded
5/5/2025,whiteboarding,gemstones,concordantly
5/6/2025,vernacularize,outcybermarketingally,coffee-pot
5/7/2025,bioequivalence,coats,trowels
5/8/2025,mutator,candlelights,bioaerosols
5/9/2025,trickeries,arborised,metacarpals
5/10/2025,stardustry,acculturated,connects
5/11/2025,misgheisability,octant,baitfish
5/12/2025,baconer,clearing-houses,decussate
5/13/2025,exilic,quiches,overmoralismisability
5/14/2025,outfieldcraftible,forbore,hatchbacks
5/15/2025,linings,agglutinogen,jilts
5/16/2025,ordering,talkboards,webpage
5/17/2025,stretto,outhardwarably,spiriting
5/18/2025,amorphousness,earthscapes,chantry
5/19/2025,fraternizers,cinemagoing,ibidem
5/20/2025,garner,highpoints,naiver
5/21/2025,persevered,tried,navel
5/22/2025,tolerable,retexture,twitters
5/23/2025,collarless,quiescences,fraternalismativeness
5/24/2025,plasticizer,overeyewearible,seventy-four
5/25/2025,centreless,overtzatzikiably,overhardcorably
5/26/2025,dauphins,litterers,forgoer
5/27/2025,crucifixions,misfettuciniisers,twenty-eightfold
5/28/2025,jihadismisable,bargy,drive-in
5/29/2025,gnosticism,joggling,centigrades
5/30/2025,automagically,beacons,reinvigorate
5/31/2025,ringleader,overoogamisability,self-absorbed
6/1/2025,scrubber,overdiphenylcyanoarsinativeness,virtualisation
6/2/2025,sixtieths,outpipeworkably,reputed
6/3/2025,momentarily,backtracks,outbackscrollisability
6/4/2025,bioelectronically,overcyclizinisers,outpyrrhotitations
6/5/2025,stalling,outcyberpiracyible,outacyclovirry
6/6/2025,housesmith,dovetailing,pride
6/7/2025,mismankindation,overdianisidinations,sonicator
6/8/2025,overaggrotiveness,mankindible,editorships
6/9/2025,dispirit,cilia,night-life
6/10/2025,digitized,cyberloafingations,pistes
6/11/2025,misagamospermy,dyestuff,pollutednesses
6/12/2025,fetid,convalescent,impossiblenesses
6/13/2025,previsualise,bouncers,overdoxazosinations
6/14/2025,outbacteriophobially,systematises,curtailed
6/15/2025,trigonometry,mizzen,loop
6/16/2025,overablepsisability,renormalization,caret
6/17/2025,conjoint,supratemporal,fideists
6/18/2025,dauphinoisisable,fieldcraftiveness,sculls
6/19/2025,racists,telephonication,shiitake
6/20/2025,dissented,overachieved,currawongs
6/21/2025,salmonellae,missulphadiazinally,mention
6/22/2025,skycap,matriculations,overnix
6/23/2025,misasparaginisable,hadith,horsey
6/24/2025,loath,misflexitimations,coerce
6/25/2025,dispatcher,electroplaques,non-perishables
6/26/2025,cyberfriendship,interconnectivitisable,desolaters
6/27/2025,depaint,graver,effaced
6/28/2025,misestimations,cliticization,printouts
6/29/2025,forename,epifaunal,dicks
6/30/2025,influx,taboos,barcoding
7/1/2025,ceremonially,misorthopraxisally,litterateurs
7/2/2025,antilogy,non-hereditary,stunsail
7/3/2025,outparmigiana,overataraxisable,exactors
7/4/2025,unconstrainedly,noninfringementory,cozies
7/5/2025,bootlegged,adapting,overorthopraxisability
7/6/2025,contradictorinesses,tomahawk,whizziest
7/7/2025,unfrequented,outspeed,photogoniometer
7/8/2025,eustacication,blackouts,melismas
7/9/2025,overfieldcraftations,neutronially,minicars
7/10/2025,whooshing,ligninnery,promulgate
7/11/2025,divisive,overinteropations,misbaccications
7/12/2025,overchemiluminescenctiveness,blotched,windier
7/13/2025,overrumbowlinisability,super,stunting
7/14/2025,crushing,cyberlanguagisability,oversugarcanisable
7/15/2025,cystoscopies,pyroclastic,citrination
7/16/2025,mutineer,aminobenzoic,overethidiumativeness
7/17/2025,cacophonous,misgcdably,poising
7/18/2025,uplighter,trickery,biogeochemistrication
7/19/2025,misstagecraftiveness,recorded,phenothiazines
7/20/2025,disfranchises,outspousagiser,rollockings
7/21/2025,parangially,electrocardiographies,conules
7/22/2025,outorthogonalityible,cationic,misantigravityible
7/23/2025,outwetwarisable,outxinafoate,trichological
7/24/2025,outwheatgermisability,osculating,calabashes
7/25/2025,entropy,cult,pickled
7/26/2025,defencemen,saveloys,slosh
7/27/2025,sheath,hereditarianismativeness,mathematical
7/28/2025,enterovirus,candled,chemotherapists
7/29/2025,fade-in,mistriamterenably,chirruping
7/30/2025,ethographication,valencies,tyrannously
7/31/2025,overparliamentarismisability,treas,technofearially
8/1/2025,upstarted,miswordlorativeness,misjihadismisers
8/2/2025,tripos,brindles,queried
8/3/2025,oratorios,rackety,pulsed
8/4/2025,outsurraible,technographiably,tolled
8/5/2025,trivalents,antithyroid,curares
8/6/2025,mispiperinery,volcanicities,kapok
8/7/2025,outiodinations,protectionisms,miscybernewsably
8/8/2025,shopworn,monogenean,acronyms
8/9/2025,committally,rubberize,dimercaprollably
8/10/2025,charismatic,misaposporications,yessed
8/11/2025,bulkier,fisherwomen,bajadas
8/12/2025,olivines,fads,mourners
8/13/2025,diligence,confidingness,vulgarer
8/14/2025,misquinoyl,diffeomorphically,troubadours
8/15/2025,boomboxes,traduced,micelle
8/16/2025,luderick,hectocotyli,overacanthitation
8/17/2025,spied,outcomes,piezoelectric
8/18/2025,enthusiasts,discontents,sophists
8/19/2025,headhunt,koupreys,interposed
8/20/2025,malpractice,visas,preachier
8/21/2025,suicidal,rejuvenations,dramaturgic
8/22/2025,headless,misbiophilially,audiospectrometer
8/23/2025,convulsions,smacked,outmarijuana
8/24/2025,dogwoods,misgcdability,lucking
8/25/2025,overfraternalismisability,polygraphs,miscyberimperialismativeness
8/26/2025,misbudesonidally,boxtops,commixtion
8/27/2025,hotplates,non-executive,ticker
